id,created_by,created_at,first_name,last_name,team_id,image_url
3626,system,2016-09-01 00:00:00+08,Claudio Andrés,Bravo Muñoz,9259,https://platform-static-files.s3.amazonaws.com/premierleague/photos/players/250x250/Photo-Missing.png
58907,system,2016-09-01 00:00:00+08,Wilfredo Daniel,Caballero,9259,https://platform-static-files.s3.amazonaws.com/premierleague/photos/players/250x250/p20310.png
217678,system,2016-09-01 00:00:00+08,Angus,Gunn,9259,https://platform-static-files.s3.amazonaws.com/premierleague/photos/players/250x250/p16959.png
317349,system,2016-09-01 00:00:00+08,Oluwatosin,Adarabioyo,9259,https://platform-static-files.s3.amazonaws.com/premierleague/photos/players/110x140/p109646.png
2956,system,2016-09-01 00:00:00+08,Gaël,Clichy,9259,https://platform-static-files.s3.amazonaws.com/premierleague/photos/players/250x250/p17336.png
314031,system,2016-09-01 00:00:00+08,Jose Angel,Esmoris Tasende,9259,https://platform-static-files.s3.amazonaws.com/premierleague/photos/players/250x250/Photo-Missing.png
17782,system,2016-09-01 00:00:00+08,Aleksandar,Kolarov,9259,https://platform-static-files.s3.amazonaws.com/premierleague/photos/players/250x250/p42593.png
1998,system,2016-09-01 00:00:00+08,Vincent,Kompany,9259,https://platform-static-files.s3.amazonaws.com/premierleague/photos/players/250x250/p17476.png
292078,system,2016-09-01 00:00:00+08,Pablo,Maffeo Becerra,9259,https://platform-static-files.s3.amazonaws.com/premierleague/photos/players/250x250/Photo-Missing.png
66411,system,2016-09-01 00:00:00+08,Nicolás Hernán,Otamendi,9259,https://platform-static-files.s3.amazonaws.com/premierleague/photos/players/250x250/p57410.png
1407,system,2016-09-01 00:00:00+08,Bacary,Sagna,9259,https://platform-static-files.s3.amazonaws.com/premierleague/photos/players/250x250/p37748.png
189445,system,2016-09-01 00:00:00+08,John,Stones,9259,https://platform-static-files.s3.amazonaws.com/premierleague/photos/players/250x250/p97299.png
3259,system,2016-09-01 00:00:00+08,Pablo Javier,Zabaleta Girod,9259,https://platform-static-files.s3.amazonaws.com/premierleague/photos/players/250x250/Photo-Missing.png
78532,system,2016-09-01 00:00:00+08,Kevin,De Bruyne,9259,https://platform-static-files.s3.amazonaws.com/premierleague/photos/players/250x250/p61366.png
53097,system,2016-09-01 00:00:00+08,Fabian,Delph,9259,https://platform-static-files.s3.amazonaws.com/premierleague/photos/players/250x250/p41823.png
69050,system,2016-09-01 00:00:00+08,Ilkay,Gündogan,9259,https://platform-static-files.s3.amazonaws.com/premierleague/photos/players/250x250/p59859.png
3026,system,2016-09-01 00:00:00+08,David Josué,Jiménez Silva,9259,https://platform-static-files.s3.amazonaws.com/premierleague/photos/players/250x250/Photo-Missing.png
8835,system,2016-09-01 00:00:00+08,Jesús,Navas González,9259,https://platform-static-files.s3.amazonaws.com/premierleague/photos/players/250x250/Photo-Missing.png
56484,system,2016-09-01 00:00:00+08,Fernando Francisco,Reges,9259,https://platform-static-files.s3.amazonaws.com/premierleague/photos/players/250x250/Photo-Missing.png
19655,system,2016-09-01 00:00:00+08,Fernando Luiz,Rosa,9259,https://platform-static-files.s3.amazonaws.com/premierleague/photos/players/250x250/Photo-Missing.png
278537,system,2016-09-01 00:00:00+08,Leroy,Sané,9259,https://platform-static-files.s3.amazonaws.com/premierleague/photos/players/250x250/Photo-Missing.png
160414,system,2016-09-01 00:00:00+08,Raheem Shaquille,Sterling,9259,https://platform-static-files.s3.amazonaws.com/premierleague/photos/players/250x250/p103955.png
4496,system,2016-09-01 00:00:00+08,Gnégnéri Yaya,Touré,9259,https://platform-static-files.s3.amazonaws.com/premierleague/photos/players/250x250/p14664.png
62805,system,2016-09-01 00:00:00+08,Manuel,Agudo Durán,9259,https://platform-static-files.s3.amazonaws.com/premierleague/photos/players/250x250/Photo-Missing.png
3051,system,2016-09-01 00:00:00+08,Sergio Leonel,Agüero del Castillo,9259,https://platform-static-files.s3.amazonaws.com/premierleague/photos/players/250x250/Photo-Missing.png
319119,system,2016-09-01 00:00:00+08,Kelechi Promise,Iheanacho,9259,https://platform-static-files.s3.amazonaws.com/premierleague/photos/players/250x250/p173515.png
30599,system,2016-09-01 00:00:00+08,Asmir,Begovic,9092,https://platform-static-files.s3.amazonaws.com/premierleague/photos/players/250x250/p40349.png
77294,system,2016-09-01 00:00:00+08,Thibaut,Courtois,9092,https://platform-static-files.s3.amazonaws.com/premierleague/photos/players/250x250/p60772.png
274798,system,2016-09-01 00:00:00+08,Temitayo Olufisayo O,Aina,9092,https://platform-static-files.s3.amazonaws.com/premierleague/photos/players/250x250/p159506.png
18099,system,2016-09-01 00:00:00+08,César,Azpilicueta Tanco,9092,https://platform-static-files.s3.amazonaws.com/premierleague/photos/players/250x250/Photo-Missing.png
2797,system,2016-09-01 00:00:00+08,Gary,Cahill,9092,https://platform-static-files.s3.amazonaws.com/premierleague/photos/players/250x250/p19419.png
155131,system,2016-09-01 00:00:00+08,Nathaniel,Chalobah,9092,https://platform-static-files.s3.amazonaws.com/premierleague/photos/players/110x140/p89085.png
6456,system,2016-09-01 00:00:00+08,Branislav,Ivanovic,9092,https://platform-static-files.s3.amazonaws.com/premierleague/photos/players/250x250/p41135.png
294380,system,2016-09-01 00:00:00+08,Matt,Miazga,9092,https://platform-static-files.s3.amazonaws.com/premierleague/photos/players/110x140/p163793.png
181,system,2016-09-01 00:00:00+08,John,Terry,9092,https://platform-static-files.s3.amazonaws.com/premierleague/photos/players/250x250/p1718.png
162511,system,2016-09-01 00:00:00+08,Kurt,Zouma,9092,https://platform-static-files.s3.amazonaws.com/premierleague/photos/players/250x250/p103192.png
9051,system,2016-09-01 00:00:00+08,Willian,Borges Da Silva,9092,https://platform-static-files.s3.amazonaws.com/premierleague/photos/players/250x250/Photo-Missing.png
61414,system,2016-09-01 00:00:00+08,Juan Guillermo,Cuadrado Bello,9092,https://platform-static-files.s3.amazonaws.com/premierleague/photos/players/250x250/Photo-Missing.png
57860,system,2016-09-01 00:00:00+08,Oscar,dos Santos Emboaba J,9092,https://platform-static-files.s3.amazonaws.com/premierleague/photos/players/250x250/Photo-Missing.png
328,system,2016-09-01 00:00:00+08,Francesc,Fàbregas i Soler,9092,https://platform-static-files.s3.amazonaws.com/premierleague/photos/players/250x250/Photo-Missing.png
39358,system,2016-09-01 00:00:00+08,Eden,Hazard,9092,https://platform-static-files.s3.amazonaws.com/premierleague/photos/players/250x250/Photo-Missing.png
214469,system,2016-09-01 00:00:00+08,N'Golo,Kanté,9092,https://platform-static-files.s3.amazonaws.com/premierleague/photos/players/250x250/p116594.png
271290,system,2016-09-01 00:00:00+08,Ruben,Loftus-Cheek,9092,https://platform-static-files.s3.amazonaws.com/premierleague/photos/players/250x250/p126187.png
35472,system,2016-09-01 00:00:00+08,Nemanja,Matic,9092,https://platform-static-files.s3.amazonaws.com/premierleague/photos/players/110x140/p108132.png
25395,system,2016-09-01 00:00:00+08,Victor,Moses,9092,https://platform-static-files.s3.amazonaws.com/premierleague/photos/players/250x250/p49013.png
287912,system,2016-09-01 00:00:00+08,Robert Kenedy,Nunes do Nascimento,9092,https://platform-static-files.s3.amazonaws.com/premierleague/photos/players/250x250/Photo-Missing.png
61275,system,2016-09-01 00:00:00+08,Pedro Eliezer,Rodríguez Ledesma,9092,https://platform-static-files.s3.amazonaws.com/premierleague/photos/players/250x250/Photo-Missing.png
124939,system,2016-09-01 00:00:00+08,Marco,van Ginkel,9092,https://platform-static-files.s3.amazonaws.com/premierleague/photos/players/250x250/p82660.png
177338,system,2016-09-01 00:00:00+08,Michy,Batshuayi Tunga,9092,https://platform-static-files.s3.amazonaws.com/premierleague/photos/players/250x250/Photo-Missing.png
60977,system,2016-09-01 00:00:00+08,Diego,Da Silva Costa,9092,https://platform-static-files.s3.amazonaws.com/premierleague/photos/players/250x250/Photo-Missing.png
4572,system,2016-09-01 00:00:00+08,Loïc,Rémy,9092,http://platform-static-files.s3.amazonaws.com/premierleague/photos/players/110x140/p28301.png
320283,system,2016-09-01 00:00:00+08,Dominic,Solanke,9092,https://platform-static-files.s3.amazonaws.com/premierleague/photos/players/110x140/p49853.png
61954,system,2016-09-01 00:00:00+08,David,De Gea Quintana,9260,https://platform-static-files.s3.amazonaws.com/premierleague/photos/players/250x250/Photo-Missing.png
196266,system,2016-09-01 00:00:00+08,Sam,Johnstone,9260,https://platform-static-files.s3.amazonaws.com/premierleague/photos/players/250x250/p101982.png
17311,system,2016-09-01 00:00:00+08,Sergio Germán,Romero,9260,https://platform-static-files.s3.amazonaws.com/premierleague/photos/players/250x250/p42899.png
289271,system,2016-09-01 00:00:00+08,Eric Bertrand,Bailly,9260,https://platform-static-files.s3.amazonaws.com/premierleague/photos/players/250x250/p197365.png
17720,system,2016-09-01 00:00:00+08,Matteo,Darmian,9260,https://platform-static-files.s3.amazonaws.com/premierleague/photos/players/250x250/p40002.png
97299,system,2016-09-01 00:00:00+08,Phil,Jones,9260,https://platform-static-files.s3.amazonaws.com/premierleague/photos/players/250x250/p76359.png
68939,system,2016-09-01 00:00:00+08,Faustino Marcos Albe,Rojo,9260,https://platform-static-files.s3.amazonaws.com/premierleague/photos/players/250x250/p58893.png
209805,system,2016-09-01 00:00:00+08,Luke,Shaw,9260,https://platform-static-files.s3.amazonaws.com/premierleague/photos/players/250x250/p106760.png
79474,system,2016-09-01 00:00:00+08,Chris,Smalling,9260,https://platform-static-files.s3.amazonaws.com/premierleague/photos/players/250x250/p55909.png
420198,system,2016-09-01 00:00:00+08,Axel,Tuanzebe,9260,https://platform-static-files.s3.amazonaws.com/premierleague/photos/players/110x140/p152015.png
68886,system,2016-09-01 00:00:00+08,Daley,Blind,9260,https://platform-static-files.s3.amazonaws.com/premierleague/photos/players/250x250/p58877.png
183,system,2016-09-01 00:00:00+08,Michael,Carrick,9260,https://platform-static-files.s3.amazonaws.com/premierleague/photos/players/250x250/p2404.png
13519,system,2016-09-01 00:00:00+08,Marouane,Fellaini-Bakkioui,9260,https://platform-static-files.s3.amazonaws.com/premierleague/photos/players/250x250/Photo-Missing.png
420210,system,2016-09-01 00:00:00+08,Timothy,Fosu-Mensah,9260,https://platform-static-files.s3.amazonaws.com/premierleague/photos/players/250x250/p201084.png
72451,system,2016-09-01 00:00:00+08,Ander,Herrera Agüera,9260,https://platform-static-files.s3.amazonaws.com/premierleague/photos/players/250x250/Photo-Missing.png
220119,system,2016-09-01 00:00:00+08,Jesse,Lingard,9260,https://platform-static-files.s3.amazonaws.com/premierleague/photos/players/250x250/p109322.png
19106,system,2016-09-01 00:00:00+08,Juan Manuel,Mata García,9260,https://platform-static-files.s3.amazonaws.com/premierleague/photos/players/250x250/Photo-Missing.png
39797,system,2016-09-01 00:00:00+08,Henrikh,Mkhitaryan,9260,https://platform-static-files.s3.amazonaws.com/premierleague/photos/players/250x250/Photo-Missing.png
177208,system,2016-09-01 00:00:00+08,Paul,Pogba,9260,https://platform-static-files.s3.amazonaws.com/premierleague/photos/players/250x250/Photo-Missing.png
33245,system,2016-09-01 00:00:00+08,Morgan,Schneiderlin,9260,https://platform-static-files.s3.amazonaws.com/premierleague/photos/players/250x250/p42774.png
35,system,2016-09-01 00:00:00+08,Bastian,Schweinsteiger,9260,https://platform-static-files.s3.amazonaws.com/premierleague/photos/players/250x250/p15208.png
284,system,2016-09-01 00:00:00+08,Luis Antonio,Valencia Mosquera,9260,https://platform-static-files.s3.amazonaws.com/premierleague/photos/players/250x250/Photo-Missing.png
2553,system,2016-09-01 00:00:00+08,Ashley,Young,9260,https://platform-static-files.s3.amazonaws.com/premierleague/photos/players/250x250/p18892.png
161289,system,2016-09-01 00:00:00+08,Memphis,Depay,9260,https://platform-static-files.s3.amazonaws.com/premierleague/photos/players/250x250/p106824.png
168,system,2016-09-01 00:00:00+08,Zlatan,Ibrahimovic,9260,https://platform-static-files.s3.amazonaws.com/premierleague/photos/players/250x250/Photo-Missing.png
215647,system,2016-09-01 00:00:00+08,Anthony,Martial,9260,https://platform-static-files.s3.amazonaws.com/premierleague/photos/players/250x250/p148225.png
420221,system,2016-09-01 00:00:00+08,Marcus,Rashford,9260,https://platform-static-files.s3.amazonaws.com/premierleague/photos/players/250x250/p176297.png
193,system,2016-09-01 00:00:00+08,Wayne,Rooney,9260,https://platform-static-files.s3.amazonaws.com/premierleague/photos/players/250x250/p13017.png
1255,system,2016-09-01 00:00:00+08,Hugo,Lloris,9406,https://platform-static-files.s3.amazonaws.com/premierleague/photos/players/250x250/p37915.png
280411,system,2016-09-01 00:00:00+08,Pau,López Sabata,9406,https://platform-static-files.s3.amazonaws.com/premierleague/photos/players/250x250/Photo-Missing.png
2476,system,2016-09-01 00:00:00+08,Michel,Vorm,9406,https://platform-static-files.s3.amazonaws.com/premierleague/photos/players/250x250/p39215.png
70508,system,2016-09-01 00:00:00+08,Toby,Alderweireld,9406,https://platform-static-files.s3.amazonaws.com/premierleague/photos/players/250x250/p55605.png
393436,system,2016-09-01 00:00:00+08,Cameron,Carter-Vickers,9406,https://platform-static-files.s3.amazonaws.com/premierleague/photos/players/110x140/p168763.png
207547,system,2016-09-01 00:00:00+08,Ben,Davies,9406,https://platform-static-files.s3.amazonaws.com/premierleague/photos/players/250x250/p115556.png
16050,system,2016-09-01 00:00:00+08,Danny,Rose,9406,https://platform-static-files.s3.amazonaws.com/premierleague/photos/players/250x250/p38290.png
97354,system,2016-09-01 00:00:00+08,Kieran,Trippier,9406,https://platform-static-files.s3.amazonaws.com/premierleague/photos/players/250x250/p77794.png
2190,system,2016-09-01 00:00:00+08,Jan,Vertonghen,9406,https://platform-static-files.s3.amazonaws.com/premierleague/photos/players/250x250/p39194.png
68532,system,2016-09-01 00:00:00+08,Kyle,Walker,9406,https://platform-static-files.s3.amazonaws.com/premierleague/photos/players/250x250/p58621.png
146650,system,2016-09-01 00:00:00+08,Kevin,Wimmer,9406,https://platform-static-files.s3.amazonaws.com/premierleague/photos/players/250x250/p97485.png
217739,system,2016-09-01 00:00:00+08,Bamidele,Alli,9406,https://platform-static-files.s3.amazonaws.com/premierleague/photos/players/250x250/p108823.png
173621,system,2016-09-01 00:00:00+08,Tom,Carroll,9406,https://platform-static-files.s3.amazonaws.com/premierleague/photos/players/250x250/p93464.png
2197,system,2016-09-01 00:00:00+08,Mousa,Dembélé,9406,https://platform-static-files.s3.amazonaws.com/premierleague/photos/players/250x250/p39104.png
245831,system,2016-09-01 00:00:00+08,Eric,Dier,9406,https://platform-static-files.s3.amazonaws.com/premierleague/photos/players/250x250/p93264.png
81992,system,2016-09-01 00:00:00+08,Erik,Lamela,9406,https://platform-static-files.s3.amazonaws.com/premierleague/photos/players/250x250/p62974.png
13622,system,2016-09-01 00:00:00+08,Moussa,Sissoko,9406,https://platform-static-files.s3.amazonaws.com/premierleague/photos/players/250x250/p45268.png
53437,system,2016-09-01 00:00:00+08,Victor,Wanyama,9406,https://platform-static-files.s3.amazonaws.com/premierleague/photos/players/250x250/p54756.png
274470,system,2016-09-01 00:00:00+08,Harry,Winks,9406,https://platform-static-files.s3.amazonaws.com/premierleague/photos/players/250x250/p157668.png
303286,system,2016-09-01 00:00:00+08,Vincent,Janssen,9406,https://platform-static-files.s3.amazonaws.com/premierleague/photos/players/250x250/p165990.png
158575,system,2016-09-01 00:00:00+08,Harry,Kane,9406,https://platform-static-files.s3.amazonaws.com/premierleague/photos/players/250x250/p78830.png
274469,system,2016-09-01 00:00:00+08,Josh,Onomah,9406,https://platform-static-files.s3.amazonaws.com/premierleague/photos/players/250x250/p168765.png
103043,system,2016-09-01 00:00:00+08,Heung-Min,Son,9406,https://platform-static-files.s3.amazonaws.com/premierleague/photos/players/250x250/p85971.png
237,system,2016-09-01 00:00:00+08,Petr,Cech,9002,https://platform-static-files.s3.amazonaws.com/premierleague/photos/players/250x250/p11334.png
102587,system,2016-09-01 00:00:00+08,Damián Emiliano,Martínez,9002,https://platform-static-files.s3.amazonaws.com/premierleague/photos/players/250x250/p98980.png
22426,system,2016-09-01 00:00:00+08,David,Ospina Ramírez,9002,https://platform-static-files.s3.amazonaws.com/premierleague/photos/players/250x250/Photo-Missing.png
121315,system,2016-09-01 00:00:00+08,Gabriel Armando,de Abreu,9002,https://platform-static-files.s3.amazonaws.com/premierleague/photos/players/250x250/Photo-Missing.png
2066,system,2016-09-01 00:00:00+08,Mathieu,Debuchy,9002,https://platform-static-files.s3.amazonaws.com/premierleague/photos/players/250x250/p27334.png
26204,system,2016-09-01 00:00:00+08,Kieran,Gibbs,9002,https://platform-static-files.s3.amazonaws.com/premierleague/photos/players/250x250/p42427.png
401408,system,2016-09-01 00:00:00+08,Rob,Holding,9002,https://platform-static-files.s3.amazonaws.com/premierleague/photos/players/250x250/Photo-Missing.png
142739,system,2016-09-01 00:00:00+08,Carl,Jenkinson,9002,https://platform-static-files.s3.amazonaws.com/premierleague/photos/players/250x250/p80254.png
37785,system,2016-09-01 00:00:00+08,Laurent,Koscielny,9002,https://platform-static-files.s3.amazonaws.com/premierleague/photos/players/250x250/p51507.png
16,system,2016-09-01 00:00:00+08,Per,Mertesacker,9002,https://platform-static-files.s3.amazonaws.com/premierleague/photos/players/250x250/p17127.png
96308,system,2016-09-01 00:00:00+08,Shkodran,Mustafi,9002,https://platform-static-files.s3.amazonaws.com/premierleague/photos/players/250x250/Photo-Missing.png
18102,system,2016-09-01 00:00:00+08,Santiago,Cazorla González,9002,https://platform-static-files.s3.amazonaws.com/premierleague/photos/players/250x250/Photo-Missing.png
63904,system,2016-09-01 00:00:00+08,Francis,Coquelin,9002,https://platform-static-files.s3.amazonaws.com/premierleague/photos/players/250x250/p56864.png
153493,system,2016-09-01 00:00:00+08,Mohamed Naser,Elsayed Elneny,9002,https://platform-static-files.s3.amazonaws.com/premierleague/photos/players/250x250/Photo-Missing.png
120695,system,2016-09-01 00:00:00+08,Alex,Oxlade-Chamberlain,9002,https://platform-static-files.s3.amazonaws.com/premierleague/photos/players/250x250/p81880.png
1986,system,2016-09-01 00:00:00+08,Mesut,Özil,9002,https://platform-static-files.s3.amazonaws.com/premierleague/photos/players/250x250/p37605.png
66532,system,2016-09-01 00:00:00+08,Aaron,Ramsey,9002,https://platform-static-files.s3.amazonaws.com/premierleague/photos/players/250x250/p41792.png
102647,system,2016-09-01 00:00:00+08,Granit,Xhaka,9002,https://platform-static-files.s3.amazonaws.com/premierleague/photos/players/250x250/p84450.png
215570,system,2016-09-01 00:00:00+08,Chuba,Akpom,9002,https://platform-static-files.s3.amazonaws.com/premierleague/photos/players/250x250/p147675.png
59504,system,2016-09-01 00:00:00+08,Olivier,Giroud,9002,https://platform-static-files.s3.amazonaws.com/premierleague/photos/players/250x250/p44346.png
264176,system,2016-09-01 00:00:00+08,Alex,Iwobi,9002,https://platform-static-files.s3.amazonaws.com/premierleague/photos/players/250x250/p153133.png
115127,system,2016-09-01 00:00:00+08,Lucas,Pérez Martínez,9002,https://platform-static-files.s3.amazonaws.com/premierleague/photos/players/250x250/Photo-Missing.png
4117,system,2016-09-01 00:00:00+08,Alexis Alejandro,Sánchez Sánchez,9002,https://platform-static-files.s3.amazonaws.com/premierleague/photos/players/110x140/p15208.png
113351,system,2016-09-01 00:00:00+08,Yaya,Sanogo,9002,https://platform-static-files.s3.amazonaws.com/premierleague/photos/players/250x250/p80711.png
194,system,2016-09-01 00:00:00+08,Theo,Walcott,9002,https://platform-static-files.s3.amazonaws.com/premierleague/photos/players/250x250/p20467.png
6453,system,2016-09-01 00:00:00+08,Eldin,Jakupovic,9221,https://platform-static-files.s3.amazonaws.com/premierleague/photos/players/250x250/p11974.png
43189,system,2016-09-01 00:00:00+08,Dusan,Kuciak,9221,https://platform-static-files.s3.amazonaws.com/premierleague/photos/players/110x140/p99127.png
781,system,2016-09-01 00:00:00+08,David,Marshall,9221,https://platform-static-files.s3.amazonaws.com/premierleague/photos/players/250x250/p58791.png
811,system,2016-09-01 00:00:00+08,Allan,McGregor,9221,https://platform-static-files.s3.amazonaws.com/premierleague/photos/players/250x250/p12390.png
15728,system,2016-09-01 00:00:00+08,Alex,Bruce,9221,https://platform-static-files.s3.amazonaws.com/premierleague/photos/players/250x250/man81.png
453884,system,2016-09-01 00:00:00+08,Josh,Clackstone,9221,https://platform-static-files.s3.amazonaws.com/premierleague/photos/players/250x250/p213384.png
15421,system,2016-09-01 00:00:00+08,Curtis,Davies,9221,https://platform-static-files.s3.amazonaws.com/premierleague/photos/players/250x250/p19115.png
2932,system,2016-09-01 00:00:00+08,Michael,Dawson,9221,https://platform-static-files.s3.amazonaws.com/premierleague/photos/players/250x250/p12679.png
258781,system,2016-09-01 00:00:00+08,Brian,Lenihan,9221,https://platform-static-files.s3.amazonaws.com/premierleague/photos/players/250x250/p171982.png
182047,system,2016-09-01 00:00:00+08,Harry,Maguire,9221,https://platform-static-files.s3.amazonaws.com/premierleague/photos/players/250x250/p95658.png
154088,system,2016-09-01 00:00:00+08,Moses,Odubajo,9221,https://platform-static-files.s3.amazonaws.com/premierleague/photos/players/250x250/p88898.png
254527,system,2016-09-01 00:00:00+08,Andrew,Robertson,9221,https://platform-static-files.s3.amazonaws.com/premierleague/photos/players/250x250/p122798.png
433523,system,2016-09-01 00:00:00+08,Josh,Tymon,9221,https://platform-static-files.s3.amazonaws.com/premierleague/photos/players/110x140/p12679.png
94174,system,2016-09-01 00:00:00+08,Sam,Clucas,9221,https://platform-static-files.s3.amazonaws.com/premierleague/photos/players/250x250/p74033.png
96675,system,2016-09-01 00:00:00+08,Markus,Henriksen,9221,https://platform-static-files.s3.amazonaws.com/premierleague/photos/players/250x250/Photo-Missing.png
2933,system,2016-09-01 00:00:00+08,Tom,Huddlestone,9221,https://platform-static-files.s3.amazonaws.com/premierleague/photos/players/250x250/p15109.png
50907,system,2016-09-01 00:00:00+08,Jake,Livermore,9221,https://platform-static-files.s3.amazonaws.com/premierleague/photos/players/250x250/p49944.png
805,system,2016-09-01 00:00:00+08,Shaun,Maloney,9221,https://platform-static-files.s3.amazonaws.com/premierleague/photos/players/250x250/p9110.png
68627,system,2016-09-01 00:00:00+08,Ryan,Mason,9221,https://platform-static-files.s3.amazonaws.com/premierleague/photos/players/250x250/p58791.png
39559,system,2016-09-01 00:00:00+08,David,Meyler,9221,https://platform-static-files.s3.amazonaws.com/premierleague/photos/players/250x250/p53371.png
453887,system,2016-09-01 00:00:00+08,Greg,Olley,9221,https://platform-static-files.s3.amazonaws.com/premierleague/photos/players/250x250/p155509.png
38569,system,2016-09-01 00:00:00+08,Robert,Snodgrass,9221,https://platform-static-files.s3.amazonaws.com/premierleague/photos/players/250x250/p18987.png
314162,system,2016-09-01 00:00:00+08,James,Weir,9221,https://platform-static-files.s3.amazonaws.com/premierleague/photos/players/250x250/Photo-Missing.png
331388,system,2016-09-01 00:00:00+08,Jarrod,Bowen,9221,https://platform-static-files.s3.amazonaws.com/premierleague/photos/players/250x250/Photo-Missing.png
231756,system,2016-09-01 00:00:00+08,Adama Valentin,Diomande,9221,https://platform-static-files.s3.amazonaws.com/premierleague/photos/players/250x250/p111847.png
57168,system,2016-09-01 00:00:00+08,Abel Mathías,Hernández Platero,9221,https://platform-static-files.s3.amazonaws.com/premierleague/photos/players/250x250/Photo-Missing.png
215016,system,2016-09-01 00:00:00+08,Will,Keane,9221,https://platform-static-files.s3.amazonaws.com/premierleague/photos/players/250x250/p1710.png
385633,system,2016-09-01 00:00:00+08,Greg,Luer,9221,https://platform-static-files.s3.amazonaws.com/premierleague/photos/players/250x250/p202174.png
9908,system,2016-09-01 00:00:00+08,Dieumerci,Mbokani Bezua,9221,https://platform-static-files.s3.amazonaws.com/premierleague/photos/players/250x250/Photo-Missing.png
95877,system,2016-09-01 00:00:00+08,Joel,Robles Blázquez,9158,https://platform-static-files.s3.amazonaws.com/premierleague/photos/players/250x250/Photo-Missing.png
4,system,2016-09-01 00:00:00+08,Maarten,Stekelenburg,9158,https://platform-static-files.s3.amazonaws.com/premierleague/photos/players/250x250/p10318.png
2672,system,2016-09-01 00:00:00+08,Leighton,Baines,9158,https://platform-static-files.s3.amazonaws.com/premierleague/photos/players/110x140/p49464.png
144829,system,2016-09-01 00:00:00+08,Muhamed,Besic,9158,https://platform-static-files.s3.amazonaws.com/premierleague/photos/players/250x250/p87447.png
280903,system,2016-09-01 00:00:00+08,Tyias,Browning,9158,https://platform-static-files.s3.amazonaws.com/premierleague/photos/players/250x250/p149468.png
7158,system,2016-09-01 00:00:00+08,Séamus,Coleman,9158,https://platform-static-files.s3.amazonaws.com/premierleague/photos/players/250x250/p59949.png
149336,system,2016-09-01 00:00:00+08,José Ramiro,Funes Mori,9158,https://platform-static-files.s3.amazonaws.com/premierleague/photos/players/250x250/p121221.png
392071,system,2016-09-01 00:00:00+08,Mason,Holgate,9158,https://platform-static-files.s3.amazonaws.com/premierleague/photos/players/250x250/p194164.png
2600,system,2016-09-01 00:00:00+08,Phil,Jagielka,9158,https://platform-static-files.s3.amazonaws.com/premierleague/photos/players/250x250/p7645.png
42665,system,2016-09-01 00:00:00+08,Bryan,Oviedo,9158,https://platform-static-files.s3.amazonaws.com/premierleague/photos/players/250x250/p77762.png
310696,system,2016-09-01 00:00:00+08,Matthew,Pennington,9158,https://platform-static-files.s3.amazonaws.com/premierleague/photos/players/250x250/p114093.png
47555,system,2016-09-01 00:00:00+08,Ashley,Williams,9158,https://platform-static-files.s3.amazonaws.com/premierleague/photos/players/250x250/p19159.png
154068,system,2016-09-01 00:00:00+08,Ross,Barkley,9158,https://platform-static-files.s3.amazonaws.com/premierleague/photos/players/250x250/p88894.png
2800,system,2016-09-01 00:00:00+08,Gareth,Barry,9158,https://platform-static-files.s3.amazonaws.com/premierleague/photos/players/250x250/p1632.png
70764,system,2016-09-01 00:00:00+08,Tom,Cleverley,9158,https://platform-static-files.s3.amazonaws.com/premierleague/photos/players/250x250/p43250.png
387381,system,2016-09-01 00:00:00+08,Tom,Davies,9158,https://platform-static-files.s3.amazonaws.com/premierleague/photos/players/250x250/p173807.png
392787,system,2016-09-01 00:00:00+08,Kieran,Dowell,9158,https://platform-static-files.s3.amazonaws.com/premierleague/photos/players/250x250/p171270.png
20491,system,2016-09-01 00:00:00+08,Darron,Gibson,9158,https://platform-static-files.s3.amazonaws.com/premierleague/photos/players/250x250/p27707.png
95907,system,2016-09-01 00:00:00+08,Idrissa Gana,Gueye,9158,https://platform-static-files.s3.amazonaws.com/premierleague/photos/players/250x250/p80801.png
190,system,2016-09-01 00:00:00+08,Aaron,Lennon,9158,https://platform-static-files.s3.amazonaws.com/premierleague/photos/players/250x250/p17349.png
46512,system,2016-09-01 00:00:00+08,James,McCarthy,9158,https://platform-static-files.s3.amazonaws.com/premierleague/photos/players/250x250/p50472.png
808,system,2016-09-01 00:00:00+08,Aiden,McGeady,9158,https://platform-static-files.s3.amazonaws.com/premierleague/photos/players/250x250/p66749.png
160268,system,2016-09-01 00:00:00+08,Gerard,Deulofeu Lázaro,9158,https://platform-static-files.s3.amazonaws.com/premierleague/photos/players/250x250/Photo-Missing.png
8862,system,2016-09-01 00:00:00+08,Arouna,Koné,9158,https://platform-static-files.s3.amazonaws.com/premierleague/photos/players/250x250/p26921.png
79495,system,2016-09-01 00:00:00+08,Romelu,Lukaku Menama,9158,https://platform-static-files.s3.amazonaws.com/premierleague/photos/players/250x250/Photo-Missing.png
2073,system,2016-09-01 00:00:00+08,Kevin,Mirallas,9158,https://platform-static-files.s3.amazonaws.com/premierleague/photos/players/250x250/p26901.png
230803,system,2016-09-01 00:00:00+08,El-Hadji Baye Oumar,Niasse,9158,https://platform-static-files.s3.amazonaws.com/premierleague/photos/players/250x250/p113688.png
213353,system,2016-09-01 00:00:00+08,Shani,Tarashaj,9158,https://platform-static-files.s3.amazonaws.com/premierleague/photos/players/250x250/Photo-Missing.png
6912,system,2016-09-01 00:00:00+08,Bradley,Guzan,9274,https://platform-static-files.s3.amazonaws.com/premierleague/photos/players/250x250/p41705.png
15810,system,2016-09-01 00:00:00+08,Dimitrios,Konstantopoulos,9274,https://platform-static-files.s3.amazonaws.com/premierleague/photos/players/250x250/p19101.png
62126,system,2016-09-01 00:00:00+08,Tomás,Mejías Osorio,9274,https://platform-static-files.s3.amazonaws.com/premierleague/photos/players/250x250/Photo-Missing.png
2985,system,2016-09-01 00:00:00+08,Víctor,Valdés Arribas,9274,https://platform-static-files.s3.amazonaws.com/premierleague/photos/players/250x250/Photo-Missing.png
3060,system,2016-09-01 00:00:00+08,Antonio,Barragán Fernández,9274,https://platform-static-files.s3.amazonaws.com/premierleague/photos/players/250x250/Photo-Missing.png
235617,system,2016-09-01 00:00:00+08,Calum,Chambers,9274,https://platform-static-files.s3.amazonaws.com/premierleague/photos/players/250x250/p101184.png
59007,system,2016-09-01 00:00:00+08,Bernardo José,Espinosa Zúñiga,9274,https://platform-static-files.s3.amazonaws.com/premierleague/photos/players/250x250/Photo-Missing.png
50523,system,2016-09-01 00:00:00+08,George,Friend,9274,https://platform-static-files.s3.amazonaws.com/premierleague/photos/players/250x250/p40202.png
187372,system,2016-09-01 00:00:00+08,Ben,Gibson,9274,https://platform-static-files.s3.amazonaws.com/premierleague/photos/players/250x250/p83312.png
166818,system,2016-09-01 00:00:00+08,James,Husband,9274,https://platform-static-files.s3.amazonaws.com/premierleague/photos/players/250x250/p90263.png
61064,system,2016-09-01 00:00:00+08,Fábio,Pereira da Silva,9274,https://platform-static-files.s3.amazonaws.com/premierleague/photos/players/250x250/Photo-Missing.png
89633,system,2016-09-01 00:00:00+08,Daniel,Sanchez Ayala,9274,https://platform-static-files.s3.amazonaws.com/premierleague/photos/players/250x250/Photo-Missing.png
83508,system,2016-09-01 00:00:00+08,Adam,Clayton,9274,https://platform-static-files.s3.amazonaws.com/premierleague/photos/players/250x250/p59044.png
248706,system,2016-09-01 00:00:00+08,Carlos María,De Pena Bonino,9274,https://platform-static-files.s3.amazonaws.com/premierleague/photos/players/250x250/Photo-Missing.png
123946,system,2016-09-01 00:00:00+08,Marten,de Roon,9274,https://platform-static-files.s3.amazonaws.com/premierleague/photos/players/250x250/p82428.png
183119,system,2016-09-01 00:00:00+08,Julien,De Sart,9274,https://platform-static-files.s3.amazonaws.com/premierleague/photos/players/250x250/p169535.png
185,system,2016-09-01 00:00:00+08,Stewart,Downing,9274,https://platform-static-files.s3.amazonaws.com/premierleague/photos/players/250x250/p12002.png
110661,system,2016-09-01 00:00:00+08,Adam,Forshaw,9274,https://platform-static-files.s3.amazonaws.com/premierleague/photos/players/250x250/p80179.png
16040,system,2016-09-01 00:00:00+08,Grant,Leadbitter,9274,https://platform-static-files.s3.amazonaws.com/premierleague/photos/players/250x250/p10460.png
22899,system,2016-09-01 00:00:00+08,Emilio,Nsue López,9274,https://platform-static-files.s3.amazonaws.com/premierleague/photos/players/250x250/Photo-Missing.png
91722,system,2016-09-01 00:00:00+08,Gastón Exequiel,Ramírez Pereyra,9274,https://platform-static-files.s3.amazonaws.com/premierleague/photos/players/250x250/Photo-Missing.png
260734,system,2016-09-01 00:00:00+08,Adama,Traoré Diarra,9274,https://platform-static-files.s3.amazonaws.com/premierleague/photos/players/250x250/Photo-Missing.png
155076,system,2016-09-01 00:00:00+08,Viktor,Fischer,9274,https://platform-static-files.s3.amazonaws.com/premierleague/photos/players/250x250/p123125.png
17898,system,2016-09-01 00:00:00+08,Álvaro,Negredo Sánchez,9274,https://platform-static-files.s3.amazonaws.com/premierleague/photos/players/110x140/p37572.png
16057,system,2016-09-01 00:00:00+08,David,Nugent,9274,https://platform-static-files.s3.amazonaws.com/premierleague/photos/players/250x250/p12744.png
17759,system,2016-09-01 00:00:00+08,Jordan,Rhodes,9274,https://platform-static-files.s3.amazonaws.com/premierleague/photos/players/250x250/p20047.png
50408,system,2016-09-01 00:00:00+08,Ben,Hamer,9240,https://platform-static-files.s3.amazonaws.com/premierleague/photos/players/250x250/p38038.png
2841,system,2016-09-01 00:00:00+08,Kasper,Schmeichel,9240,https://platform-static-files.s3.amazonaws.com/premierleague/photos/players/250x250/p17745.png
73607,system,2016-09-01 00:00:00+08,Ron-Robert,Zieler,9240,https://platform-static-files.s3.amazonaws.com/premierleague/photos/players/250x250/p51934.png
23197,system,2016-09-01 00:00:00+08,Yohan,Benalouane,9240,https://platform-static-files.s3.amazonaws.com/premierleague/photos/players/250x250/p41321.png
383419,system,2016-09-01 00:00:00+08,Ben,Chilwell,9240,https://platform-static-files.s3.amazonaws.com/premierleague/photos/players/250x250/p172850.png
11180,system,2016-09-01 00:00:00+08,Christian,Fuchs,9240,https://platform-static-files.s3.amazonaws.com/premierleague/photos/players/250x250/p37402.png
145419,system,2016-09-01 00:00:00+08,Luis,Hernández Rodríguez,9240,https://platform-static-files.s3.amazonaws.com/premierleague/photos/players/250x250/Photo-Missing.png
11,system,2016-09-01 00:00:00+08,Robert,Huth,9240,https://platform-static-files.s3.amazonaws.com/premierleague/photos/players/250x250/p12413.png
47493,system,2016-09-01 00:00:00+08,Wes,Morgan,9240,https://platform-static-files.s3.amazonaws.com/premierleague/photos/players/250x250/p15033.png
20278,system,2016-09-01 00:00:00+08,Danny,Simpson,9240,https://platform-static-files.s3.amazonaws.com/premierleague/photos/players/250x250/p40725.png
9903,system,2016-09-01 00:00:00+08,Marcin Ryszard,Wasilewski,9240,https://platform-static-files.s3.amazonaws.com/premierleague/photos/players/250x250/p37388.png
73931,system,2016-09-01 00:00:00+08,Marc,Albrighton,9240,https://platform-static-files.s3.amazonaws.com/premierleague/photos/players/250x250/p51938.png
250541,system,2016-09-01 00:00:00+08,Daniel,Amartey,9240,https://platform-static-files.s3.amazonaws.com/premierleague/photos/players/250x250/p155569.png
89512,system,2016-09-01 00:00:00+08,Danny,Drinkwater,9240,https://platform-static-files.s3.amazonaws.com/premierleague/photos/players/250x250/p61603.png
317144,system,2016-09-01 00:00:00+08,Demarai,Gray,9240,https://platform-static-files.s3.amazonaws.com/premierleague/photos/players/250x250/p172632.png
11496,system,2016-09-01 00:00:00+08,Gökhan,Inler,9240,https://platform-static-files.s3.amazonaws.com/premierleague/photos/players/250x250/p40772.png
53462,system,2016-09-01 00:00:00+08,Matty,James,9240,https://platform-static-files.s3.amazonaws.com/premierleague/photos/players/250x250/p61604.png
302731,system,2016-09-01 00:00:00+08,Bartosz,Kapustka,9240,https://platform-static-files.s3.amazonaws.com/premierleague/photos/players/250x250/p165911.png
20816,system,2016-09-01 00:00:00+08,Andy,King,9240,https://platform-static-files.s3.amazonaws.com/premierleague/photos/players/250x250/p13152.png
140912,system,2016-09-01 00:00:00+08,Nampalys,Mendy,9240,https://platform-static-files.s3.amazonaws.com/premierleague/photos/players/250x250/p86881.png
156662,system,2016-09-01 00:00:00+08,Riyad,Mahrez,9240,https://platform-static-files.s3.amazonaws.com/premierleague/photos/players/250x250/p103025.png
130008,system,2016-09-01 00:00:00+08,Ahmed,Musa,9240,https://platform-static-files.s3.amazonaws.com/premierleague/photos/players/250x250/p90714.png
5724,system,2016-09-01 00:00:00+08,Shinji,Okazaki,9240,https://platform-static-files.s3.amazonaws.com/premierleague/photos/players/250x250/p78412.png
180530,system,2016-09-01 00:00:00+08,Jeffrey,Schlupp,9240,https://platform-static-files.s3.amazonaws.com/premierleague/photos/players/250x250/p86417.png
89404,system,2016-09-01 00:00:00+08,Islam,Slimani,9240,https://platform-static-files.s3.amazonaws.com/premierleague/photos/players/250x250/Photo-Missing.png
58861,system,2016-09-01 00:00:00+08,José Leonardo,Ulloa,9240,https://platform-static-files.s3.amazonaws.com/premierleague/photos/players/250x250/p54316.png
159732,system,2016-09-01 00:00:00+08,Jamie,Vardy,9240,https://platform-static-files.s3.amazonaws.com/premierleague/photos/players/250x250/p101668.png
52939,system,2016-09-01 00:00:00+08,Giedrius,Arlauskis,9423,https://platform-static-files.s3.amazonaws.com/premierleague/photos/players/250x250/p57187.png
2386,system,2016-09-01 00:00:00+08,Heurelho,da Silva Gomes,9423,https://platform-static-files.s3.amazonaws.com/premierleague/photos/players/250x250/Photo-Missing.png
51181,system,2016-09-01 00:00:00+08,Rene,Gilmartin,9423,https://platform-static-files.s3.amazonaws.com/premierleague/photos/players/250x250/p26719.png
12275,system,2016-09-01 00:00:00+08,Costel Fane,Pantilimon,9423,https://platform-static-files.s3.amazonaws.com/premierleague/photos/players/250x250/p56827.png
89335,system,2016-09-01 00:00:00+08,Essaïd,Belkalem,9423,https://platform-static-files.s3.amazonaws.com/premierleague/photos/players/250x250/p149786.png
23349,system,2016-09-01 00:00:00+08,Miguel Ángel,Britos Cabrera,9423,https://platform-static-files.s3.amazonaws.com/premierleague/photos/players/250x250/Photo-Missing.png
53407,system,2016-09-01 00:00:00+08,Craig,Cathcart,9423,https://platform-static-files.s3.amazonaws.com/premierleague/photos/players/250x250/p41338.png
138691,system,2016-09-01 00:00:00+08,Brice,Dja Djédjé,9423,https://platform-static-files.s3.amazonaws.com/premierleague/photos/players/250x250/Photo-Missing.png
16897,system,2016-09-01 00:00:00+08,José,Holebas,9423,https://platform-static-files.s3.amazonaws.com/premierleague/photos/players/250x250/p40868.png
59416,system,2016-09-01 00:00:00+08,Daryl,Janmaat,9423,https://platform-static-files.s3.amazonaws.com/premierleague/photos/players/110x140/p97296.png
53627,system,2016-09-01 00:00:00+08,Christian,Kabasele,9423,https://platform-static-files.s3.amazonaws.com/premierleague/photos/players/250x250/p85624.png
1406,system,2016-09-01 00:00:00+08,Younes,Kaboul,9423,https://platform-static-files.s3.amazonaws.com/premierleague/photos/players/250x250/p37742.png
44285,system,2016-09-01 00:00:00+08,Allan Romeo,Nyom,9423,https://platform-static-files.s3.amazonaws.com/premierleague/photos/players/250x250/p67527.png
72314,system,2016-09-01 00:00:00+08,Juan Carlos,Paredes Reasco,9423,https://platform-static-files.s3.amazonaws.com/premierleague/photos/players/250x250/Photo-Missing.png
11105,system,2016-09-01 00:00:00+08,Sebastian,Prödl,9423,https://platform-static-files.s3.amazonaws.com/premierleague/photos/players/250x250/p41945.png
206,system,2016-09-01 00:00:00+08,Valon,Behrami,9423,https://platform-static-files.s3.amazonaws.com/premierleague/photos/players/250x250/p21123.png
39171,system,2016-09-01 00:00:00+08,Etienne,Capoue,9423,https://platform-static-files.s3.amazonaws.com/premierleague/photos/players/250x250/p38439.png
163602,system,2016-09-01 00:00:00+08,Abdoulaye,Doucouré,9423,https://platform-static-files.s3.amazonaws.com/premierleague/photos/players/250x250/p121599.png
53518,system,2016-09-01 00:00:00+08,Adlène,Guédioura,9423,https://platform-static-files.s3.amazonaws.com/premierleague/photos/players/110x140/p96740.png
287912,system,2016-09-01 00:00:00+08,Robert Kenedy,Nunes do Nascimento,9423,https://platform-static-files.s3.amazonaws.com/premierleague/photos/players/250x250/Photo-Missing.png
78933,system,2016-09-01 00:00:00+08,Roberto Maximiliano,Pereyra,9423,https://platform-static-files.s3.amazonaws.com/premierleague/photos/players/250x250/Photo-Missing.png
15796,system,2016-09-01 00:00:00+08,Ben,Watson,9423,https://platform-static-files.s3.amazonaws.com/premierleague/photos/players/250x250/p16045.png
10421,system,2016-09-01 00:00:00+08,Juan Camilo,Zúñiga Mosquera,9423,https://platform-static-files.s3.amazonaws.com/premierleague/photos/players/250x250/Photo-Missing.png
319116,system,2016-09-01 00:00:00+08,Isaac,Ajayi Success,9423,https://platform-static-files.s3.amazonaws.com/premierleague/photos/players/250x250/Photo-Missing.png
17385,system,2016-09-01 00:00:00+08,Nordin,Amrabat,9423,https://platform-static-files.s3.amazonaws.com/premierleague/photos/players/250x250/p44604.png
51197,system,2016-09-01 00:00:00+08,Troy,Deeney,9423,https://platform-static-files.s3.amazonaws.com/premierleague/photos/players/250x250/p41725.png
20010,system,2016-09-01 00:00:00+08,Odion Jude,Ighalo,9423,https://platform-static-files.s3.amazonaws.com/premierleague/photos/players/250x250/p58498.png
18418,system,2016-09-01 00:00:00+08,Stefano,Okaka Chuka,9423,https://platform-static-files.s3.amazonaws.com/premierleague/photos/players/250x250/Photo-Missing.png
269271,system,2016-09-01 00:00:00+08,Jerome,Sinclair,9423,https://platform-static-files.s3.amazonaws.com/premierleague/photos/players/250x250/p133801.png
205201,system,2016-09-01 00:00:00+08,Loris,Karius,9249,https://platform-static-files.s3.amazonaws.com/premierleague/photos/players/250x250/p104542.png
4306,system,2016-09-01 00:00:00+08,Alexander,Manninger,9249,https://platform-static-files.s3.amazonaws.com/premierleague/photos/players/250x250/p1616.png
13465,system,2016-09-01 00:00:00+08,Simon,Mignolet,9249,https://platform-static-files.s3.amazonaws.com/premierleague/photos/players/250x250/p66797.png
66379,system,2016-09-01 00:00:00+08,Nathaniel,Clyne,9249,https://platform-static-files.s3.amazonaws.com/premierleague/photos/players/250x250/p57328.png
290182,system,2016-09-01 00:00:00+08,Joe,Gomez,9249,https://platform-static-files.s3.amazonaws.com/premierleague/photos/players/250x250/p171287.png
2324,system,2016-09-01 00:00:00+08,Ragnar,Klavan,9249,https://platform-static-files.s3.amazonaws.com/premierleague/photos/players/250x250/p33871.png
55819,system,2016-09-01 00:00:00+08,Dejan,Lovren,9249,https://platform-static-files.s3.amazonaws.com/premierleague/photos/players/250x250/p38454.png
101189,system,2016-09-01 00:00:00+08,Joël Job,Matip,9249,https://platform-static-files.s3.amazonaws.com/premierleague/photos/players/250x250/p60914.png
192742,system,2016-09-01 00:00:00+08,Alberto,Moreno Pérez,9249,https://platform-static-files.s3.amazonaws.com/premierleague/photos/players/110x140/p45175.png
277711,system,2016-09-01 00:00:00+08,Connor,Randall,9249,https://platform-static-files.s3.amazonaws.com/premierleague/photos/players/110x140/p95463.png
13118,system,2016-09-01 00:00:00+08,Mamadou,Sakho,9249,https://platform-static-files.s3.amazonaws.com/premierleague/photos/players/250x250/p40784.png
376875,system,2016-09-01 00:00:00+08,Trent,Arnold,9249,https://platform-static-files.s3.amazonaws.com/premierleague/photos/players/250x250/Photo-Missing.png
326369,system,2016-09-01 00:00:00+08,Cameron,Brannagan,9249,https://platform-static-files.s3.amazonaws.com/premierleague/photos/players/250x250/p147668.png
159872,system,2016-09-01 00:00:00+08,Emre,Can,9249,https://platform-static-files.s3.amazonaws.com/premierleague/photos/players/250x250/p112338.png
274936,system,2016-09-01 00:00:00+08,Pedro,Chirivella Burgos,9249,https://platform-static-files.s3.amazonaws.com/premierleague/photos/players/250x250/Photo-Missing.png
82507,system,2016-09-01 00:00:00+08,Philippe,Coutinho Correia,9249,https://platform-static-files.s3.amazonaws.com/premierleague/photos/players/250x250/Photo-Missing.png
270005,system,2016-09-01 00:00:00+08,Marko,Grujic,9249,https://platform-static-files.s3.amazonaws.com/premierleague/photos/players/250x250/p84583.png
48010,system,2016-09-01 00:00:00+08,Jordan,Henderson,9249,https://platform-static-files.s3.amazonaws.com/premierleague/photos/players/250x250/p56979.png
15497,system,2016-09-01 00:00:00+08,Adam,Lallana,9249,https://platform-static-files.s3.amazonaws.com/premierleague/photos/players/250x250/p39155.png
2899,system,2016-09-01 00:00:00+08,James,Milner,9249,https://platform-static-files.s3.amazonaws.com/premierleague/photos/players/250x250/p15157.png
274816,system,2016-09-01 00:00:00+08,Oluwaseyi,Ojo,9249,https://platform-static-files.s3.amazonaws.com/premierleague/photos/players/250x250/p141921.png
9201,system,2016-09-01 00:00:00+08,Lucas,Pezzini-Leiva,9249,https://platform-static-files.s3.amazonaws.com/premierleague/photos/players/250x250/Photo-Missing.png
208877,system,2016-09-01 00:00:00+08,Kevin,Stewart,9249,https://platform-static-files.s3.amazonaws.com/premierleague/photos/players/250x250/p106449.png
8828,system,2016-09-01 00:00:00+08,Georginio,Wijnaldum,9249,https://platform-static-files.s3.amazonaws.com/premierleague/photos/players/250x250/p41733.png
103265,system,2016-09-01 00:00:00+08,Roberto,Firmino Barbosa de O,9249,https://platform-static-files.s3.amazonaws.com/premierleague/photos/players/250x250/Photo-Missing.png
139523,system,2016-09-01 00:00:00+08,Danny,Ings,9249,https://platform-static-files.s3.amazonaws.com/premierleague/photos/players/250x250/p84939.png
201602,system,2016-09-01 00:00:00+08,Sadio,Mané,9249,https://platform-static-files.s3.amazonaws.com/premierleague/photos/players/250x250/p110979.png
215344,system,2016-09-01 00:00:00+08,Divock,Okoth Origi,9249,https://platform-static-files.s3.amazonaws.com/premierleague/photos/players/250x250/Photo-Missing.png
5206,system,2016-09-01 00:00:00+08,Daniel,Sturridge,9249,https://platform-static-files.s3.amazonaws.com/premierleague/photos/players/250x250/p40755.png
15380,system,2016-09-01 00:00:00+08,Wayne,Hennessey,9127,https://platform-static-files.s3.amazonaws.com/premierleague/photos/players/250x250/p20066.png
13106,system,2016-09-01 00:00:00+08,Steve,Mandanda,9127,https://platform-static-files.s3.amazonaws.com/premierleague/photos/players/110x140/p44413.png
15780,system,2016-09-01 00:00:00+08,Julián,Speroni,9127,https://platform-static-files.s3.amazonaws.com/premierleague/photos/players/250x250/p11554.png
26006,system,2016-09-01 00:00:00+08,Scott,Dann,9127,https://platform-static-files.s3.amazonaws.com/premierleague/photos/players/250x250/p19188.png
15760,system,2016-09-01 00:00:00+08,Damien,Delaney,9127,https://platform-static-files.s3.amazonaws.com/premierleague/photos/players/250x250/p7906.png
158573,system,2016-09-01 00:00:00+08,Ezekiel,Fryers,9127,https://platform-static-files.s3.amazonaws.com/premierleague/photos/players/250x250/p106603.png
61076,system,2016-09-01 00:00:00+08,Martin,Kelly,9127,https://platform-static-files.s3.amazonaws.com/premierleague/photos/players/250x250/p58786.png
95905,system,2016-09-01 00:00:00+08,Pape,N'Diaye Souaré,9127,https://platform-static-files.s3.amazonaws.com/premierleague/photos/players/250x250/Photo-Missing.png
23292,system,2016-09-01 00:00:00+08,James,Tomkins,9127,https://platform-static-files.s3.amazonaws.com/premierleague/photos/players/250x250/p49413.png
66070,system,2016-09-01 00:00:00+08,Joel,Ward,9127,https://platform-static-files.s3.amazonaws.com/premierleague/photos/players/250x250/p55494.png
2056,system,2016-09-01 00:00:00+08,Yohan,Cabaye,9127,https://platform-static-files.s3.amazonaws.com/premierleague/photos/players/250x250/p27341.png
45944,system,2016-09-01 00:00:00+08,Joe,Ledley,9127,https://platform-static-files.s3.amazonaws.com/premierleague/photos/players/250x250/p18805.png
26921,system,2016-09-01 00:00:00+08,Chung-Yong,Lee,9127,https://platform-static-files.s3.amazonaws.com/premierleague/photos/players/250x250/p75773.png
46511,system,2016-09-01 00:00:00+08,James,McArthur,9127,https://platform-static-files.s3.amazonaws.com/premierleague/photos/players/250x250/p50471.png
23330,system,2016-09-01 00:00:00+08,Jordon,Mutch,9127,https://platform-static-files.s3.amazonaws.com/premierleague/photos/players/250x250/p49438.png
46474,system,2016-09-01 00:00:00+08,Jason,Puncheon,9127,https://platform-static-files.s3.amazonaws.com/premierleague/photos/players/250x250/p19197.png
37600,system,2016-09-01 00:00:00+08,Bakary,Sako,9127,https://platform-static-files.s3.amazonaws.com/premierleague/photos/players/250x250/p44343.png
75627,system,2016-09-01 00:00:00+08,Andros,Townsend,9127,https://platform-static-files.s3.amazonaws.com/premierleague/photos/players/250x250/Photo-Missing.png
123878,system,2016-09-01 00:00:00+08,Wilfried,Zaha,9127,https://platform-static-files.s3.amazonaws.com/premierleague/photos/players/250x250/p82403.png
113040,system,2016-09-01 00:00:00+08,Kwesi,Appiah,9127,https://platform-static-files.s3.amazonaws.com/premierleague/photos/players/250x250/Photo-Missing.png
17423,system,2016-09-01 00:00:00+08,Fraizer,Campbell,9127,https://platform-static-files.s3.amazonaws.com/premierleague/photos/players/250x250/p28541.png
4572,system,2016-09-01 00:00:00+08,Loïc,Rémy,9127,https://platform-static-files.s3.amazonaws.com/premierleague/photos/players/250x250/p38419.png
76920,system,2016-09-01 00:00:00+08,Connor,Wickham,9127,https://platform-static-files.s3.amazonaws.com/premierleague/photos/players/250x250/p59125.png
2528,system,2016-09-01 00:00:00+08,Ben,Foster,9426,https://platform-static-files.s3.amazonaws.com/premierleague/photos/players/250x250/p9089.png
15756,system,2016-09-01 00:00:00+08,Glyn Oliver,Myhill,9426,https://platform-static-files.s3.amazonaws.com/premierleague/photos/players/250x250/p12086.png
405690,system,2016-09-01 00:00:00+08,Alex,Palmer,9426,https://platform-static-files.s3.amazonaws.com/premierleague/photos/players/110x140/p112520.png
389239,system,2016-09-01 00:00:00+08,Jack,Rose,9426,https://platform-static-files.s3.amazonaws.com/premierleague/photos/players/250x250/p112507.png
88227,system,2016-09-01 00:00:00+08,Craig,Dawson,9426,https://platform-static-files.s3.amazonaws.com/premierleague/photos/players/250x250/p60232.png
20687,system,2016-09-01 00:00:00+08,Jonny,Evans,9426,https://platform-static-files.s3.amazonaws.com/premierleague/photos/players/250x250/p37642.png
217740,system,2016-09-01 00:00:00+08,Brendon,Galloway,9426,https://platform-static-files.s3.amazonaws.com/premierleague/photos/players/250x250/p108824.png
15703,system,2016-09-01 00:00:00+08,Gareth,McAuley,9426,https://platform-static-files.s3.amazonaws.com/premierleague/photos/players/250x250/p19272.png
2364,system,2016-09-01 00:00:00+08,Jonas,Olsson,9426,https://platform-static-files.s3.amazonaws.com/premierleague/photos/players/250x250/p39253.png
449201,system,2016-09-01 00:00:00+08,Kane,Wilson,9426,https://platform-static-files.s3.amazonaws.com/premierleague/photos/players/110x140/p215457.png
15512,system,2016-09-01 00:00:00+08,Chris,Brunt,9426,https://platform-static-files.s3.amazonaws.com/premierleague/photos/players/250x250/p19151.png
49530,system,2016-09-01 00:00:00+08,Nacer,Chadli,9426,https://platform-static-files.s3.amazonaws.com/premierleague/photos/players/250x250/p54908.png
444210,system,2016-09-01 00:00:00+08,Sam,Field,9426,https://platform-static-files.s3.amazonaws.com/premierleague/photos/players/250x250/p195864.png
2911,system,2016-09-01 00:00:00+08,Darren,Fletcher,9426,https://platform-static-files.s3.amazonaws.com/premierleague/photos/players/250x250/p14295.png
2808,system,2016-09-01 00:00:00+08,Craig,Gardner,9426,https://platform-static-files.s3.amazonaws.com/premierleague/photos/players/250x250/p28468.png
75127,system,2016-09-01 00:00:00+08,James,McClean,9426,https://platform-static-files.s3.amazonaws.com/premierleague/photos/players/250x250/p63370.png
79477,system,2016-09-01 00:00:00+08,Callum,McManaman,9426,https://platform-static-files.s3.amazonaws.com/premierleague/photos/players/250x250/p61538.png
2829,system,2016-09-01 00:00:00+08,James,Morrison,9426,https://platform-static-files.s3.amazonaws.com/premierleague/photos/players/250x250/p18008.png
50793,system,2016-09-01 00:00:00+08,Matt,Phillips,9426,https://platform-static-files.s3.amazonaws.com/premierleague/photos/players/250x250/p50229.png
46492,system,2016-09-01 00:00:00+08,Hal,Robson-Kanu,9426,https://platform-static-files.s3.amazonaws.com/premierleague/photos/players/250x250/Photo-Missing.png
15089,system,2016-09-01 00:00:00+08,Claudio Ariel,Yacob,9426,https://platform-static-files.s3.amazonaws.com/premierleague/photos/players/250x250/p55829.png
149485,system,2016-09-01 00:00:00+08,Saido,Berahino,9426,https://platform-static-files.s3.amazonaws.com/premierleague/photos/players/250x250/p91972.png
422153,system,2016-09-01 00:00:00+08,Jonathan,Leko,9426,https://platform-static-files.s3.amazonaws.com/premierleague/photos/players/250x250/p173809.png
2908,system,2016-09-01 00:00:00+08,Tom,Heaton,9072,https://platform-static-files.s3.amazonaws.com/premierleague/photos/players/250x250/p21205.png
220636,system,2016-09-01 00:00:00+08,Nick,Pope,9072,https://platform-static-files.s3.amazonaws.com/premierleague/photos/players/250x250/p98747.png
174,system,2016-09-01 00:00:00+08,Paul,Robinson,9072,https://platform-static-files.s3.amazonaws.com/premierleague/photos/players/250x250/p1801.png
133532,system,2016-09-01 00:00:00+08,Tendayi,Darikwa,9072,https://platform-static-files.s3.amazonaws.com/premierleague/photos/players/250x250/p85017.png
166828,system,2016-09-01 00:00:00+08,Jon,Flanagan,9072,https://platform-static-files.s3.amazonaws.com/premierleague/photos/players/250x250/p91979.png
209638,system,2016-09-01 00:00:00+08,Michael,Keane,9072,https://platform-static-files.s3.amazonaws.com/premierleague/photos/players/250x250/p106611.png
78599,system,2016-09-01 00:00:00+08,Kevin,Long,9072,https://platform-static-files.s3.amazonaws.com/premierleague/photos/players/250x250/p41674.png
85440,system,2016-09-01 00:00:00+08,Matthew,Lowton,9072,https://platform-static-files.s3.amazonaws.com/premierleague/photos/players/250x250/p68983.png
97357,system,2016-09-01 00:00:00+08,Ben,Mee,9072,https://platform-static-files.s3.amazonaws.com/premierleague/photos/players/250x250/p51927.png
170333,system,2016-09-01 00:00:00+08,James,Tarkowski,9072,https://platform-static-files.s3.amazonaws.com/premierleague/photos/players/250x250/p17761.png
15410,system,2016-09-01 00:00:00+08,Stephen,Ward,9072,https://platform-static-files.s3.amazonaws.com/premierleague/photos/players/110x140/p124125.png
20164,system,2016-09-01 00:00:00+08,Scott,Arfield,9072,https://platform-static-files.s3.amazonaws.com/premierleague/photos/players/250x250/p39158.png
32136,system,2016-09-01 00:00:00+08,Johann,Berg Guðmunds­son,9072,https://platform-static-files.s3.amazonaws.com/premierleague/photos/players/250x250/Photo-Missing.png
51083,system,2016-09-01 00:00:00+08,George,Boyd,9072,https://platform-static-files.s3.amazonaws.com/premierleague/photos/players/250x250/p28244.png
13523,system,2016-09-01 00:00:00+08,Steven,Defour,9072,https://platform-static-files.s3.amazonaws.com/premierleague/photos/players/250x250/Photo-Missing.png
158140,system,2016-09-01 00:00:00+08,Jeff,Hendrick,9072,https://platform-static-files.s3.amazonaws.com/premierleague/photos/players/250x250/Photo-Missing.png
15398,system,2016-09-01 00:00:00+08,Michael,Kightly,9072,https://platform-static-files.s3.amazonaws.com/premierleague/photos/players/250x250/p15944.png
15769,system,2016-09-01 00:00:00+08,Dean,Marney,9072,https://platform-static-files.s3.amazonaws.com/premierleague/photos/players/250x250/p15982.png
452934,system,2016-09-01 00:00:00+08,Aiden,O'Neill,9072,https://platform-static-files.s3.amazonaws.com/premierleague/photos/players/110x140/p80788.png
209645,system,2016-09-01 00:00:00+08,Patrick,Bamford,9072,https://platform-static-files.s3.amazonaws.com/premierleague/photos/players/250x250/Photo-Missing.png
36301,system,2016-09-01 00:00:00+08,Ashley,Barnes,9072,https://platform-static-files.s3.amazonaws.com/premierleague/photos/players/250x250/p44699.png
83681,system,2016-09-01 00:00:00+08,Andre,Gray,9072,https://platform-static-files.s3.amazonaws.com/premierleague/photos/players/250x250/p73426.png
47068,system,2016-09-01 00:00:00+08,Sam,Vokes,9072,https://platform-static-files.s3.amazonaws.com/premierleague/photos/players/250x250/p40399.png
78637,system,2016-09-01 00:00:00+08,Ryan,Allsop,9053,https://platform-static-files.s3.amazonaws.com/premierleague/photos/players/250x250/p61302.png
724,system,2016-09-01 00:00:00+08,Artur,Boruc,9053,https://platform-static-files.s3.amazonaws.com/premierleague/photos/players/250x250/p18726.png
2566,system,2016-09-01 00:00:00+08,Adam,Federici,9053,https://platform-static-files.s3.amazonaws.com/premierleague/photos/players/250x250/p15885.png
445398,system,2016-09-01 00:00:00+08,Jordan,Holmes,9053,https://platform-static-files.s3.amazonaws.com/premierleague/photos/players/250x250/p200369.png
182930,system,2016-09-01 00:00:00+08,Nathan,Aké,9053,https://platform-static-files.s3.amazonaws.com/premierleague/photos/players/250x250/p126184.png
394945,system,2016-09-01 00:00:00+08,Callum,Buckley,9053,https://platform-static-files.s3.amazonaws.com/premierleague/photos/players/110x140/p200370.png
139545,system,2016-09-01 00:00:00+08,Steve,Cook,9053,https://platform-static-files.s3.amazonaws.com/premierleague/photos/players/250x250/p56917.png
50347,system,2016-09-01 00:00:00+08,Warren,Cummings,9053,http://platform-static-files.s3.amazonaws.com/premierleague/photos/players/110x140/p151069.png
60225,system,2016-09-01 00:00:00+08,Charlie,Daniels,9053,https://platform-static-files.s3.amazonaws.com/premierleague/photos/players/250x250/p41320.png
51102,system,2016-09-01 00:00:00+08,Simon,Francis,9053,https://platform-static-files.s3.amazonaws.com/premierleague/photos/players/250x250/p15149.png
445661,system,2016-09-01 00:00:00+08,Corey,Jordan,9053,https://platform-static-files.s3.amazonaws.com/premierleague/photos/players/110x140/p167789.png
431858,system,2016-09-01 00:00:00+08,Jordan,Lee,9053,https://platform-static-files.s3.amazonaws.com/premierleague/photos/players/110x140/p167789.png
274052,system,2016-09-01 00:00:00+08,Tyrone,Mings,9053,https://platform-static-files.s3.amazonaws.com/premierleague/photos/players/250x250/p149484.png
88146,system,2016-09-01 00:00:00+08,Adam,Smith,9053,https://platform-static-files.s3.amazonaws.com/premierleague/photos/players/250x250/p120447.png
183071,system,2016-09-01 00:00:00+08,Brad,Smith,9053,https://platform-static-files.s3.amazonaws.com/premierleague/photos/players/250x250/p120447.png
22852,system,2016-09-01 00:00:00+08,Marc,Wilson,9053,https://platform-static-files.s3.amazonaws.com/premierleague/photos/players/250x250/p32318.png
45992,system,2016-09-01 00:00:00+08,Harry,Arter,9053,https://platform-static-files.s3.amazonaws.com/premierleague/photos/players/250x250/p48615.png
335184,system,2016-09-01 00:00:00+08,Lewis,Cook,9053,https://platform-static-files.s3.amazonaws.com/premierleague/photos/players/250x250/p56917.png
159839,system,2016-09-01 00:00:00+08,Ryan,Fraser,9053,https://platform-static-files.s3.amazonaws.com/premierleague/photos/players/110x140/p20669.png
15647,system,2016-09-01 00:00:00+08,Dan,Gosling,9053,https://platform-static-files.s3.amazonaws.com/premierleague/photos/players/250x250/p40387.png
53399,system,2016-09-01 00:00:00+08,Max-Alain,Gradel,9053,https://platform-static-files.s3.amazonaws.com/premierleague/photos/players/250x250/p59741.png
289548,system,2016-09-01 00:00:00+08,Emerson,Hyndman,9053,https://platform-static-files.s3.amazonaws.com/premierleague/photos/players/250x250/p122342.png
200314,system,2016-09-01 00:00:00+08,Jordon,Ibe,9053,https://platform-static-files.s3.amazonaws.com/premierleague/photos/players/250x250/p103912.png
326461,system,2016-09-01 00:00:00+08,Jake,McCarthy,9053,https://platform-static-files.s3.amazonaws.com/premierleague/photos/players/250x250/p50472.png
50754,system,2016-09-01 00:00:00+08,Marc,Pugh,9053,https://platform-static-files.s3.amazonaws.com/premierleague/photos/players/250x250/p20037.png
68668,system,2016-09-01 00:00:00+08,Junior,Stanislas,9053,https://platform-static-files.s3.amazonaws.com/premierleague/photos/players/250x250/p56872.png
15494,system,2016-09-01 00:00:00+08,Andrew,Surman,9053,https://platform-static-files.s3.amazonaws.com/premierleague/photos/players/250x250/p15237.png
61075,system,2016-09-01 00:00:00+08,Jack,Wilshere,9053,https://platform-static-files.s3.amazonaws.com/premierleague/photos/players/250x250/p54102.png
440566,system,2016-09-01 00:00:00+08,Matt,Worthington,9053,https://platform-static-files.s3.amazonaws.com/premierleague/photos/players/250x250/Photo-Missing.png
158576,system,2016-09-01 00:00:00+08,Benik,Afobe,9053,https://platform-static-files.s3.amazonaws.com/premierleague/photos/players/250x250/p88498.png
15809,system,2016-09-01 00:00:00+08,Lewis,Grabban,9053,https://platform-static-files.s3.amazonaws.com/premierleague/photos/players/250x250/p21246.png
93432,system,2016-09-01 00:00:00+08,Joshua,King,9053,https://platform-static-files.s3.amazonaws.com/premierleague/photos/players/110x140/p167789.png
278717,system,2016-09-01 00:00:00+08,Lys,Mousset,9053,https://platform-static-files.s3.amazonaws.com/premierleague/photos/players/250x250/Photo-Missing.png
285789,system,2016-09-01 00:00:00+08,Josh,O'Hanlon,9053,https://platform-static-files.s3.amazonaws.com/premierleague/photos/players/250x250/Photo-Missing.png
210203,system,2016-09-01 00:00:00+08,Tokelo Anthony,Rantie,9053,https://platform-static-files.s3.amazonaws.com/premierleague/photos/players/250x250/p126468.png
89009,system,2016-09-01 00:00:00+08,Callum,Wilson,9053,https://platform-static-files.s3.amazonaws.com/premierleague/photos/players/250x250/p32318.png
66299,system,2016-09-01 00:00:00+08,Mark,Birighitti,9387,https://platform-static-files.s3.amazonaws.com/premierleague/photos/players/250x250/Photo-Missing.png
725,system,2016-09-01 00:00:00+08,Lukasz,Fabianski,9387,https://platform-static-files.s3.amazonaws.com/premierleague/photos/players/250x250/p37096.png
33085,system,2016-09-01 00:00:00+08,Kristoffer,Nordfeldt,9387,https://platform-static-files.s3.amazonaws.com/premierleague/photos/players/250x250/p61760.png
1596,system,2016-09-01 00:00:00+08,Gerhard,Tremmel,9387,https://platform-static-files.s3.amazonaws.com/premierleague/photos/players/250x250/p5288.png
103174,system,2016-09-01 00:00:00+08,Jordi,Amat Maas,9387,https://platform-static-files.s3.amazonaws.com/premierleague/photos/players/250x250/Photo-Missing.png
61374,system,2016-09-01 00:00:00+08,Federico,Fernández,9387,https://platform-static-files.s3.amazonaws.com/premierleague/photos/players/250x250/p57145.png
185571,system,2016-09-01 00:00:00+08,Stephen,Kingsley,9387,https://platform-static-files.s3.amazonaws.com/premierleague/photos/players/250x250/p96306.png
21490,system,2016-09-01 00:00:00+08,Kyle,Naughton,9387,https://platform-static-files.s3.amazonaws.com/premierleague/photos/players/250x250/p49539.png
47571,system,2016-09-01 00:00:00+08,Àngel,Rangel Zaragoza,9387,https://platform-static-files.s3.amazonaws.com/premierleague/photos/players/250x250/Photo-Missing.png
21513,system,2016-09-01 00:00:00+08,Franck,Tabanou,9387,https://platform-static-files.s3.amazonaws.com/premierleague/photos/players/250x250/p55313.png
36434,system,2016-09-01 00:00:00+08,Neil,Taylor,9387,https://platform-static-files.s3.amazonaws.com/premierleague/photos/players/250x250/p47390.png
190540,system,2016-09-01 00:00:00+08,Mike,van der Hoorn,9387,https://platform-static-files.s3.amazonaws.com/premierleague/photos/players/250x250/p97615.png
47560,system,2016-09-01 00:00:00+08,Leon,Britton,9387,https://platform-static-files.s3.amazonaws.com/premierleague/photos/players/250x250/p15114.png
20801,system,2016-09-01 00:00:00+08,Jack,Cork,9387,https://platform-static-files.s3.amazonaws.com/premierleague/photos/players/250x250/p40145.png
15496,system,2016-09-01 00:00:00+08,Nathan,Dyer,9387,https://platform-static-files.s3.amazonaws.com/premierleague/photos/players/250x250/p21083.png
24308,system,2016-09-01 00:00:00+08,Leroy,Fer,9387,https://platform-static-files.s3.amazonaws.com/premierleague/photos/players/250x250/p49277.png
185570,system,2016-09-01 00:00:00+08,Jay,Fulton,9387,https://platform-static-files.s3.amazonaws.com/premierleague/photos/players/250x250/p96305.png
26915,system,2016-09-01 00:00:00+08,Sung-Yeung,Ki,9387,https://platform-static-files.s3.amazonaws.com/premierleague/photos/players/250x250/p76542.png
81504,system,2016-09-01 00:00:00+08,Jefferson Antonio,Montero Vite,9387,https://platform-static-files.s3.amazonaws.com/premierleague/photos/players/250x250/Photo-Missing.png
2946,system,2016-09-01 00:00:00+08,Wayne,Routledge,9387,https://platform-static-files.s3.amazonaws.com/premierleague/photos/players/250x250/p11829.png
57707,system,2016-09-01 00:00:00+08,Gylfi Þór,Sigurðsson,9387,https://platform-static-files.s3.amazonaws.com/premierleague/photos/players/250x250/p55422.png
192849,system,2016-09-01 00:00:00+08,Modou,Barrow,9387,https://platform-static-files.s3.amazonaws.com/premierleague/photos/players/250x250/p111787.png
2518,system,2016-09-01 00:00:00+08,Marvin,Emnes,9387,https://platform-static-files.s3.amazonaws.com/premierleague/photos/players/250x250/p39270.png
95842,system,2016-09-01 00:00:00+08,Borja,González Tomás,9387,https://platform-static-files.s3.amazonaws.com/premierleague/photos/players/250x250/Photo-Missing.png
3153,system,2016-09-01 00:00:00+08,Fernando,Llorente Torres,9387,https://platform-static-files.s3.amazonaws.com/premierleague/photos/players/250x250/Photo-Missing.png
322039,system,2016-09-01 00:00:00+08,Oliver,McBurnie,9387,https://platform-static-files.s3.amazonaws.com/premierleague/photos/players/110x140/p169432.png
5301,system,2016-09-01 00:00:00+08,Darren,Randolph,9427,https://platform-static-files.s3.amazonaws.com/premierleague/photos/players/250x250/p32259.png
102648,system,2016-09-01 00:00:00+08,Raphael,Spiegel,9427,https://platform-static-files.s3.amazonaws.com/premierleague/photos/players/250x250/p82257.png
5239,system,2016-09-01 00:00:00+08,Álvaro,Arbeloa Coca,9427,https://platform-static-files.s3.amazonaws.com/premierleague/photos/players/250x250/Photo-Missing.png
258007,system,2016-09-01 00:00:00+08,Sam,Byram,9427,https://platform-static-files.s3.amazonaws.com/premierleague/photos/players/250x250/p113564.png
2717,system,2016-09-01 00:00:00+08,James,Collins,9427,https://platform-static-files.s3.amazonaws.com/premierleague/photos/players/250x250/p8380.png
51175,system,2016-09-01 00:00:00+08,Aaron,Cresswell,9427,https://platform-static-files.s3.amazonaws.com/premierleague/photos/players/250x250/p55459.png
202582,system,2016-09-01 00:00:00+08,Arthur,Masuaku,9427,https://platform-static-files.s3.amazonaws.com/premierleague/photos/players/250x250/p105717.png
9770,system,2016-09-01 00:00:00+08,Angelo,Obinze Ogbonna,9427,https://platform-static-files.s3.amazonaws.com/premierleague/photos/players/250x250/Photo-Missing.png
363529,system,2016-09-01 00:00:00+08,Reece,Oxford,9427,https://platform-static-files.s3.amazonaws.com/premierleague/photos/players/250x250/p173792.png
11749,system,2016-09-01 00:00:00+08,Winston,Reid,9427,https://platform-static-files.s3.amazonaws.com/premierleague/photos/players/250x250/p48717.png
73612,system,2016-09-01 00:00:00+08,Michail,Antonio,9427,https://platform-static-files.s3.amazonaws.com/premierleague/photos/players/110x140/p32259.png
408152,system,2016-09-01 00:00:00+08,Marcus,Browne,9427,https://platform-static-files.s3.amazonaws.com/premierleague/photos/players/110x140/p195859.png
408154,system,2016-09-01 00:00:00+08,Grady,Diangana,9427,https://platform-static-files.s3.amazonaws.com/premierleague/photos/players/250x250/Photo-Missing.png
39454,system,2016-09-01 00:00:00+08,Sofiane,Feghouli,9427,https://platform-static-files.s3.amazonaws.com/premierleague/photos/players/250x250/p44336.png
298173,system,2016-09-01 00:00:00+08,Edimilson,Fernandes,9427,https://platform-static-files.s3.amazonaws.com/premierleague/photos/players/250x250/Photo-Missing.png
53112,system,2016-09-01 00:00:00+08,Cheikhou,Kouyaté,9427,https://platform-static-files.s3.amazonaws.com/premierleague/photos/players/250x250/p55037.png
141340,system,2016-09-01 00:00:00+08,Manuel,Lanzini,9427,https://platform-static-files.s3.amazonaws.com/premierleague/photos/players/250x250/p86934.png
138045,system,2016-09-01 00:00:00+08,Pedro,Mba Obiang Avomo,9427,https://platform-static-files.s3.amazonaws.com/premierleague/photos/players/250x250/Photo-Missing.png
5320,system,2016-09-01 00:00:00+08,Mark,Noble,9427,https://platform-static-files.s3.amazonaws.com/premierleague/photos/players/250x250/p18073.png
16087,system,2016-09-01 00:00:00+08,Håvard,Nordtveit,9427,https://platform-static-files.s3.amazonaws.com/premierleague/photos/players/250x250/p43626.png
1394,system,2016-09-01 00:00:00+08,Dimitri,Payet,9427,https://platform-static-files.s3.amazonaws.com/premierleague/photos/players/250x250/p37901.png
71949,system,2016-09-01 00:00:00+08,Gökhan,Töre,9427,https://platform-static-files.s3.amazonaws.com/premierleague/photos/players/250x250/p59796.png
265255,system,2016-09-01 00:00:00+08,Jonathan,Calleri,9427,https://platform-static-files.s3.amazonaws.com/premierleague/photos/players/110x140/p32259.png
5310,system,2016-09-01 00:00:00+08,Andy,Carroll,9427,https://platform-static-files.s3.amazonaws.com/premierleague/photos/players/250x250/p40142.png
314169,system,2016-09-01 00:00:00+08,Ashley Michael,Fletcher,9427,https://platform-static-files.s3.amazonaws.com/premierleague/photos/players/250x250/p14295.png
88818,system,2016-09-01 00:00:00+08,Diafra,Sakho,9427,https://platform-static-files.s3.amazonaws.com/premierleague/photos/players/250x250/p73889.png
77386,system,2016-09-01 00:00:00+08,Simone,Zaza,9427,https://platform-static-files.s3.amazonaws.com/premierleague/photos/players/110x140/p32259.png
5259,system,2016-09-01 00:00:00+08,Fraser,Forster,9363,https://platform-static-files.s3.amazonaws.com/premierleague/photos/players/250x250/p40383.png
69110,system,2016-09-01 00:00:00+08,Alex,McCarthy,9363,https://platform-static-files.s3.amazonaws.com/premierleague/photos/players/250x250/p58376.png
134612,system,2016-09-01 00:00:00+08,Cédric Ricardo,Alves Soares,9363,https://platform-static-files.s3.amazonaws.com/premierleague/photos/players/250x250/Photo-Missing.png
21046,system,2016-09-01 00:00:00+08,Ryan,Bertrand,9363,https://platform-static-files.s3.amazonaws.com/premierleague/photos/players/250x250/p40146.png
101421,system,2016-09-01 00:00:00+08,Florin,Gardos,9363,https://platform-static-files.s3.amazonaws.com/premierleague/photos/players/250x250/p84395.png
57652,system,2016-09-01 00:00:00+08,Rhu-endly,Martina,9363,https://platform-static-files.s3.amazonaws.com/premierleague/photos/players/250x250/p56192.png
315557,system,2016-09-01 00:00:00+08,Matt,Targett,9363,https://platform-static-files.s3.amazonaws.com/premierleague/photos/players/250x250/p169359.png
188624,system,2016-09-01 00:00:00+08,Virgil,van Dijk,9363,https://platform-static-files.s3.amazonaws.com/premierleague/photos/players/250x250/p97032.png
5803,system,2016-09-01 00:00:00+08,Maya,Yoshida,9363,https://platform-static-files.s3.amazonaws.com/premierleague/photos/players/250x250/p80447.png
249782,system,2016-09-01 00:00:00+08,Sofiane,Boufal,9363,https://platform-static-files.s3.amazonaws.com/premierleague/photos/players/250x250/Photo-Missing.png
134078,system,2016-09-01 00:00:00+08,Jordy,Clasie,9363,https://platform-static-files.s3.amazonaws.com/premierleague/photos/players/250x250/p85654.png
2803,system,2016-09-01 00:00:00+08,Steven,Davis,9363,https://platform-static-files.s3.amazonaws.com/premierleague/photos/players/250x250/p17339.png
182609,system,2016-09-01 00:00:00+08,Pierre-Emile,Højbjerg,9363,https://platform-static-files.s3.amazonaws.com/premierleague/photos/players/250x250/p132015.png
275905,system,2016-09-01 00:00:00+08,Lloyd,Isgrove,9363,https://platform-static-files.s3.amazonaws.com/premierleague/photos/players/250x250/p101179.png
330395,system,2016-09-01 00:00:00+08,Sam,McQueen,9363,https://platform-static-files.s3.amazonaws.com/premierleague/photos/players/250x250/p153373.png
42166,system,2016-09-01 00:00:00+08,Jérémy,Pied,9363,https://platform-static-files.s3.amazonaws.com/premierleague/photos/players/250x250/Photo-Missing.png
148697,system,2016-09-01 00:00:00+08,Nathan,Redmond,9363,https://platform-static-files.s3.amazonaws.com/premierleague/photos/players/250x250/p83283.png
310410,system,2016-09-01 00:00:00+08,Harrison,Reed,9363,https://platform-static-files.s3.amazonaws.com/premierleague/photos/players/250x250/p153366.png
97045,system,2016-09-01 00:00:00+08,Oriol,Romeu Vidal,9363,https://platform-static-files.s3.amazonaws.com/premierleague/photos/players/250x250/Photo-Missing.png
40709,system,2016-09-01 00:00:00+08,Dusan,Tadic,9363,https://platform-static-files.s3.amazonaws.com/premierleague/photos/players/250x250/p62399.png
200872,system,2016-09-01 00:00:00+08,James,Ward-Prowse,9363,https://platform-static-files.s3.amazonaws.com/premierleague/photos/players/250x250/p101178.png
99940,system,2016-09-01 00:00:00+08,Charlie,Austin,9363,https://platform-static-files.s3.amazonaws.com/premierleague/photos/players/250x250/p78356.png
2586,system,2016-09-01 00:00:00+08,Shane,Long,9363,https://platform-static-files.s3.amazonaws.com/premierleague/photos/players/250x250/p20452.png
15915,system,2016-09-01 00:00:00+08,Jay,Rodriguez,9363,https://platform-static-files.s3.amazonaws.com/premierleague/photos/players/250x250/p44683.png
16086,system,2016-09-01 00:00:00+08,Vito,Mannone,9384,https://platform-static-files.s3.amazonaws.com/premierleague/photos/players/250x250/p20487.png
160405,system,2016-09-01 00:00:00+08,Jordan,Pickford,9384,https://platform-static-files.s3.amazonaws.com/premierleague/photos/players/250x250/p111234.png
113551,system,2016-09-01 00:00:00+08,Papiss Mison,Djilobodji,9384,https://platform-static-files.s3.amazonaws.com/premierleague/photos/players/250x250/p80935.png
15631,system,2016-09-01 00:00:00+08,Billy,Jones,9384,https://platform-static-files.s3.amazonaws.com/premierleague/photos/players/250x250/p11467.png
67843,system,2016-09-01 00:00:00+08,Jan,Kirchhoff,9384,https://platform-static-files.s3.amazonaws.com/premierleague/photos/players/250x250/p57736.png
37589,system,2016-09-01 00:00:00+08,Lamine,Koné,9384,https://platform-static-files.s3.amazonaws.com/premierleague/photos/players/250x250/p45076.png
417910,system,2016-09-01 00:00:00+08,Donald,Love,9384,https://platform-static-files.s3.amazonaws.com/premierleague/photos/players/250x250/Photo-Missing.png
215920,system,2016-09-01 00:00:00+08,Paddy,McNair,9384,https://platform-static-files.s3.amazonaws.com/premierleague/photos/players/250x250/p160817.png
2916,system,2016-09-01 00:00:00+08,John,O'Shea,9384,https://platform-static-files.s3.amazonaws.com/premierleague/photos/players/250x250/p3736.png
88136,system,2016-09-01 00:00:00+08,Patrick,van Aanholt,9384,https://platform-static-files.s3.amazonaws.com/premierleague/photos/players/250x250/p74230.png
422169,system,2016-09-01 00:00:00+08,Joel,Asoro,9384,https://platform-static-files.s3.amazonaws.com/premierleague/photos/players/110x140/p219727.png
2834,system,2016-09-01 00:00:00+08,Lee,Cattermole,9384,https://platform-static-files.s3.amazonaws.com/premierleague/photos/players/250x250/p28448.png
393438,system,2016-09-01 00:00:00+08,Lynden,Gooch,9384,https://platform-static-files.s3.amazonaws.com/premierleague/photos/players/250x250/p149016.png
294439,system,2016-09-01 00:00:00+08,Adnan,Januzaj,9384,https://platform-static-files.s3.amazonaws.com/premierleague/photos/players/250x250/p154976.png
73474,system,2016-09-01 00:00:00+08,Wahbi,Khazri,9384,https://platform-static-files.s3.amazonaws.com/premierleague/photos/players/250x250/p60165.png
16025,system,2016-09-01 00:00:00+08,Sebastian,Larsson,9384,https://platform-static-files.s3.amazonaws.com/premierleague/photos/players/250x250/p19057.png
2219,system,2016-09-01 00:00:00+08,Jeremain,Lens,9384,https://platform-static-files.s3.amazonaws.com/premierleague/photos/players/250x250/p39187.png
156186,system,2016-09-01 00:00:00+08,Charalampos,Mavrias,9384,https://platform-static-files.s3.amazonaws.com/premierleague/photos/players/110x140/p154047.png
1960,system,2016-09-01 00:00:00+08,Steven,Pienaar,9384,https://platform-static-files.s3.amazonaws.com/premierleague/photos/players/250x250/p7525.png
389391,system,2016-09-01 00:00:00+08,Thomas,Robson,9384,https://platform-static-files.s3.amazonaws.com/premierleague/photos/players/250x250/p154558.png
23173,system,2016-09-01 00:00:00+08,Jack,Rodwell,9384,https://platform-static-files.s3.amazonaws.com/premierleague/photos/players/250x250/p49384.png
224533,system,2016-09-01 00:00:00+08,Duncan,Watmore,9384,https://platform-static-files.s3.amazonaws.com/premierleague/photos/players/250x250/p115854.png
95826,system,2016-09-01 00:00:00+08,Fabio,Borini,9384,https://platform-static-files.s3.amazonaws.com/premierleague/photos/players/250x250/p77454.png
2950,system,2016-09-01 00:00:00+08,Jermain,Defoe,9384,https://platform-static-files.s3.amazonaws.com/premierleague/photos/players/250x250/p7958.png
416332,system,2016-09-01 00:00:00+08,Josh,Robson,9384,https://platform-static-files.s3.amazonaws.com/premierleague/photos/players/250x250/p154558.png
180020,system,2016-09-01 00:00:00+08,Daniel,Bachmann,9378,https://platform-static-files.s3.amazonaws.com/premierleague/photos/players/250x250/p154506.png
192419,system,2016-09-01 00:00:00+08,Jack,Butland,9378,https://platform-static-files.s3.amazonaws.com/premierleague/photos/players/250x250/p105666.png
2887,system,2016-09-01 00:00:00+08,Shay,Given,9378,https://platform-static-files.s3.amazonaws.com/premierleague/photos/players/250x250/p1822.png
15525,system,2016-09-01 00:00:00+08,Lee,Grant,9378,https://platform-static-files.s3.amazonaws.com/premierleague/photos/players/250x250/p10460.png
138556,system,2016-09-01 00:00:00+08,Jakob,Haugaard,9378,https://platform-static-files.s3.amazonaws.com/premierleague/photos/players/250x250/p112316.png
4844,system,2016-09-01 00:00:00+08,Phil,Bardsley,9378,https://platform-static-files.s3.amazonaws.com/premierleague/photos/players/250x250/p17997.png
29763,system,2016-09-01 00:00:00+08,Geoff,Cameron,9378,https://platform-static-files.s3.amazonaws.com/premierleague/photos/players/250x250/p50089.png
102961,system,2016-09-01 00:00:00+08,Dionatan,do Nascimento Teixei,9378,https://platform-static-files.s3.amazonaws.com/premierleague/photos/players/250x250/Photo-Missing.png
2641,system,2016-09-01 00:00:00+08,Glen,Johnson,9378,https://platform-static-files.s3.amazonaws.com/premierleague/photos/players/110x140/p152015.png
102888,system,2016-09-01 00:00:00+08,Bruno,Martins Indi,9378,https://platform-static-files.s3.amazonaws.com/premierleague/photos/players/250x250/Photo-Missing.png
79420,system,2016-09-01 00:00:00+08,Marc,Muniesa Martínez,9378,https://platform-static-files.s3.amazonaws.com/premierleague/photos/players/110x140/p98980.png
2487,system,2016-09-01 00:00:00+08,Erik,Pieters,9378,https://platform-static-files.s3.amazonaws.com/premierleague/photos/players/250x250/p39487.png
16535,system,2016-09-01 00:00:00+08,Ryan,Shawcross,9378,https://platform-static-files.s3.amazonaws.com/premierleague/photos/players/250x250/p37869.png
88484,system,2016-09-01 00:00:00+08,Philipp,Wollscheid,9378,https://platform-static-files.s3.amazonaws.com/premierleague/photos/players/250x250/p69960.png
835,system,2016-09-01 00:00:00+08,Charlie,Adam,9378,https://platform-static-files.s3.amazonaws.com/premierleague/photos/players/250x250/p20208.png
2381,system,2016-09-01 00:00:00+08,Ibrahim,Afellay,9378,https://platform-static-files.s3.amazonaws.com/premierleague/photos/players/250x250/p19568.png
47573,system,2016-09-01 00:00:00+08,Joe,Allen,9378,https://platform-static-files.s3.amazonaws.com/premierleague/photos/players/250x250/p40555.png
101128,system,2016-09-01 00:00:00+08,Gilbert Gianelli,Imbula Wanga,9378,https://platform-static-files.s3.amazonaws.com/premierleague/photos/players/250x250/Photo-Missing.png
2854,system,2016-09-01 00:00:00+08,Stephen,Ireland,9378,https://platform-static-files.s3.amazonaws.com/premierleague/photos/players/250x250/p20481.png
83268,system,2016-09-01 00:00:00+08,Xherdan,Shaqiri,9378,https://platform-static-files.s3.amazonaws.com/premierleague/photos/players/250x250/p68312.png
363921,system,2016-09-01 00:00:00+08,Oliver,Shenton,9378,https://platform-static-files.s3.amazonaws.com/premierleague/photos/players/250x250/p160901.png
346587,system,2016-09-01 00:00:00+08,Ramadan,Sobhi,9378,https://platform-static-files.s3.amazonaws.com/premierleague/photos/players/250x250/p41464.png
15518,system,2016-09-01 00:00:00+08,Glenn,Whelan,9378,https://platform-static-files.s3.amazonaws.com/premierleague/photos/players/250x250/p12150.png
21018,system,2016-09-01 00:00:00+08,Marko,Arnautovic,9378,https://platform-static-files.s3.amazonaws.com/premierleague/photos/players/250x250/p41464.png
59705,system,2016-09-01 00:00:00+08,Wilfried Guemiand,Bony,9378,https://platform-static-files.s3.amazonaws.com/premierleague/photos/players/250x250/p57001.png
191,system,2016-09-01 00:00:00+08,Peter,Crouch,9378,https://platform-static-files.s3.amazonaws.com/premierleague/photos/players/250x250/p3773.png
28948,system,2016-09-01 00:00:00+08,Mame Biram,Diouf,9378,https://platform-static-files.s3.amazonaws.com/premierleague/photos/players/250x250/p61858.png
20020,system,2016-09-01 00:00:00+08,Bojan,Krkíc Pérez,9378,https://platform-static-files.s3.amazonaws.com/premierleague/photos/players/250x250/Photo-Missing.png
453945,system,2016-09-01 00:00:00+08,Julien,Ngoy,9378,https://platform-static-files.s3.amazonaws.com/premierleague/photos/players/250x250/Photo-Missing.png
15748,system,2016-09-01 00:00:00+08,Jonathan,Walters,9378,https://platform-static-files.s3.amazonaws.com/premierleague/photos/players/250x250/p12813.png
